smiles_A,Percentage of A %,smiles_B,Percentage of B %,monomer_C,smiles_C,Percentage of C %,L,a,b
CCCCC,50,CC,50,0,0,0,61.02542672,20.98,22.61826404
CCCCC,60,CCCCCCCCCCCC,40,0,0,0,57.59370693,23.87,17.55256554
CCCCC,70,CCC,30,0,0,0,55.57019442,34.89,0.932486324
CC,80,CCCC,20,0,0,0,54.49935526,53.37529797,17.55256554
CCCCC,90,CCCCCCCCCCCCCC,10,0,0,0,54.39474102,59.34317424,10.089
